stg,beta,gamma,lmd,fix-prob
0,0.4,0.1,0.5,0,1.020020669692986e-14
1,0.4,0.1,0.5,0.26810719142836203,0
